name,python,numba,numpy
2mm_full,0.011882351998792728,0.31438635899758083,0.00012719799997285008
